Model,Accuracy,Precision,Recall,F1 Score,ROC AUC
MultinomialNB,0.7968801313628899,0.8607110500416487,0.6304340239912758,0.7276405747391218,0.8480570354673446
PassiveAggressiveClassifier,0.7845648604269294,0.7608954422723211,0.728820792439113,0.7442873704627837,0.8399262375137952
LogisticRegression,0.7863711001642038,0.874253572409547,0.5884863685932388,0.703394094269399,0.8465303071438898
SVM,0.6110016420361248,1.0,0.09648200654307523,0.17576980010966753,0.8524344793785898
KNN,0.6848932676518883,0.8775127699662144,0.33403053435114505,0.4457996820515101,0.7383282853747889
NeuralNetwork,0.7950738916256158,0.7902923272889105,0.7135768811341331,0.7498654994355373,0.8464262921657328
