Dataset,Model,Accuracy,Precision,Recall,F1 Score,ROC AUC
dropped_v8_keep_hashtags,SVM,0.7943487297986878,0.7877389886283488,0.7060694640892661,0.7445057858184968,0.8598121569500073
dropped_v8_keep_hashtags,PassiveAggressive,0.7849231026270556,0.7649678426125353,0.7120242024202421,0.7374166428871808,0.8416267986945557
dropped_v8_keep_hashtags,NeuralNetwork,0.7808843976632034,0.7708254173928291,0.6886248624862488,0.7271371363328196,0.8319991470108292
dropped_v8_keep_hashtags,LogisticRegression,0.7950208561646745,0.850839615616597,0.6275333961967625,0.7220755589811245,0.8618519136626613
dropped_v8_keep_hashtags,MultinomialNB,0.791149085472046,0.8620438781445475,0.6049222065063649,0.7107579930984999,0.8578298842901646
dropped_v8_keep_hashtags,KNN,0.6814347568763044,0.895731755971432,0.31500314317146005,0.42166164555536634,0.7313417890520695
