Dataset,Model,Accuracy,Precision,Recall,F1 Score,ROC AUC
dropped_v1_basic_clean,SVM,0.7933387703782995,0.7909730678241745,0.6973463774948925,0.7410749537553126,0.8602126909954013
dropped_v1_basic_clean,PassiveAggressive,0.7872802881633832,0.7720986135800414,0.7080583058305832,0.7383341934973582,0.8443702714730752
dropped_v1_basic_clean,NeuralNetwork,0.7792008959797017,0.7752039045751581,0.6755241238409555,0.7216578125804574,0.8371495327102805
dropped_v1_basic_clean,LogisticRegression,0.7928337198732488,0.8583462059229987,0.6128555712714128,0.7149445180678244,0.8593253968253968
dropped_v1_basic_clean,MultinomialNB,0.7916538527976711,0.8560451487028498,0.6120619204777621,0.7135786410176502,0.8563807298620383
dropped_v1_basic_clean,KNN,0.7551344677501112,0.8007364070676765,0.5676449787835927,0.6623353391307853,0.7900274439994066
