Dataset,Model,Accuracy,Precision,Recall,F1 Score,ROC AUC
dropped_v2_no_emojis_mentions,SVM,0.7948529307654624,0.7929732854926843,0.6993281471004245,0.743037924393187,0.8611982643524698
dropped_v2_no_emojis_mentions,PassiveAggressive,0.7855962201210309,0.7670701455798421,0.7108297972654409,0.7377175362183793,0.8428849577214063
dropped_v2_no_emojis_mentions,NeuralNetwork,0.7793692461480518,0.7695039605356047,0.685043218607575,0.7247499667652011,0.8326602136181576
dropped_v2_no_emojis_mentions,LogisticRegression,0.7933377792503108,0.8584724088172365,0.6144428728587145,0.7160245375075147,0.8607254116599912
dropped_v2_no_emojis_mentions,MultinomialNB,0.7908125267250583,0.8568059385240445,0.6088881030960238,0.7116908952189379,0.8576138555110518
dropped_v2_no_emojis_mentions,KNN,0.6802564472875658,0.8929401506923975,0.31500392896432505,0.4201694302284521,0.726003189437769
