Dataset,Model,Accuracy,Precision,Recall,F1 Score,ROC AUC
dropped_v7_lowercase_words_only,SVM,0.7948527891757495,0.7927074566179645,0.6997249724972497,0.7431509090869974,0.8613558819166296
dropped_v7_lowercase_words_only,PassiveAggressive,0.7849231026270556,0.765580226911857,0.7112266226622663,0.7372234843764842,0.8426846906987094
dropped_v7_lowercase_words_only,NeuralNetwork,0.7802102890412395,0.7717648204036915,0.6842487820210593,0.7252752851703808,0.831427087969144
dropped_v7_lowercase_words_only,LogisticRegression,0.7935061294186609,0.858203932426733,0.6152365236523651,0.7164465666679345,0.860692033822875
dropped_v7_lowercase_words_only,MultinomialNB,0.7908125267250583,0.8568059385240445,0.6088881030960238,0.7116908952189379,0.8575878949710725
dropped_v7_lowercase_words_only,KNN,0.6800880971192156,0.8928141415037629,0.31460710356749966,0.41988253888448,0.7267736611778669
