Dataset,Model,Accuracy,Precision,Recall,F1 Score,ROC AUC
dropped_v5_lemma_stem,SVM,0.7931698538510986,0.7825577686043415,0.7100385038503851,0.7443749694033903,0.8625862260792168
dropped_v5_lemma_stem,PassiveAggressive,0.7825677577569924,0.7644394837457704,0.70488370265598,0.7333256050032662,0.8399254561637739
dropped_v5_lemma_stem,NeuralNetwork,0.778023860698377,0.7662236489356055,0.6862462674838913,0.7238954844168356,0.8293001780151313
dropped_v5_lemma_stem,LogisticRegression,0.7903084673479963,0.8323255245132801,0.6338818167531038,0.7194629726262629,0.8631453048509123
dropped_v5_lemma_stem,MultinomialNB,0.7869424551089816,0.8535059392869451,0.6013531353135313,0.7054115332711424,0.8578067052366118
dropped_v5_lemma_stem,KNN,0.7292197274114851,0.865099011854405,0.43596338205249097,0.5742127728487965,0.7676401869158879
