Dataset,Model,Accuracy,Precision,Recall,F1 Score,ROC AUC
dropped_v4_stemmed,SVM,0.7945155224801986,0.7844451901656323,0.7116242338519566,0.7460818070344553,0.8631610666073283
dropped_v4_stemmed,PassiveAggressive,0.7835768676391048,0.7648926443850839,0.7076599088480277,0.7350117404224763,0.8408785788458686
dropped_v4_stemmed,NeuralNetwork,0.778696695012927,0.7656044548679104,0.6894130127298445,0.7254359926706845,0.8311915887850467
dropped_v4_stemmed,LogisticRegression,0.792159186482147,0.8347346170520226,0.6366572371522866,0.7221213189561653,0.8636441180833704
dropped_v4_stemmed,MultinomialNB,0.7874470808448941,0.8553546863040001,0.6009555241238409,0.7057923050533051,0.8584761163032191
dropped_v4_stemmed,KNN,0.7292193026423472,0.8666099054555216,0.43556655665566557,0.5739565533262857,0.7686146343272512
