Dataset,Model,Accuracy,Precision,Recall,F1 Score,ROC AUC
dropped_v9_minimal_processing,SVM,0.7952168412572793,0.7907202270983402,0.7033394868881947,0.7444313185194068,0.8520477118722732
dropped_v9_minimal_processing,PassiveAggressive,0.7829235914324373,0.757934201642551,0.7176386127678374,0.7371514276031541,0.8413376032674278
dropped_v9_minimal_processing,LogisticRegression,0.7979146987992818,0.8636931892343291,0.6215374420145793,0.722795395415914,0.8510489185927783
dropped_v9_minimal_processing,NeuralNetwork,0.7771996857085316,0.7673388531133443,0.6811054309066237,0.7215578415436581,0.8342328042328042
dropped_v9_minimal_processing,MultinomialNB,0.7920193226848661,0.8556122886637452,0.6127946606077819,0.7140960150948408,0.8494077787060244
dropped_v9_minimal_processing,KNN,0.7541304649981988,0.8011300442378528,0.5615970841616965,0.6585355495809647,0.7968003341687553
