Dataset,Model,Accuracy,Precision,Recall,F1 Score,ROC AUC
dropped_v6_custom_stopwords,SVM,0.7928949704855349,0.7862859503675516,0.7031746031746032,0.7421075804956946,0.8544175252947181
dropped_v6_custom_stopwords,PassiveAggressive,0.7763946683912986,0.7515951128961983,0.7067460317460318,0.7283760800820722,0.840025990903184
dropped_v6_custom_stopwords,NeuralNetwork,0.776730517758319,0.7674242641949024,0.6793650793650793,0.7204645462462004,0.8309737306228534
dropped_v6_custom_stopwords,LogisticRegression,0.7873395567582594,0.8374846326589129,0.619047619047619,0.7114256252243414,0.857211547386986
dropped_v6_custom_stopwords,MultinomialNB,0.7853192129097775,0.8457893366830429,0.6047619047619047,0.7047780284782896,0.8491747888239117
dropped_v6_custom_stopwords,KNN,0.6383242705062419,0.9319551694219357,0.15952380952380954,0.2721173003670814,0.7145224171539961
