Dataset,Model,Accuracy,Precision,Recall,F1 Score,ROC AUC
kept_v6_custom_stopwords,SVM,0.7933141417776179,0.7836590333650444,0.7114624505928854,0.7453036986692132,0.8639025156361151
kept_v6_custom_stopwords,PassiveAggressive,0.7795330525157166,0.7462676177206644,0.7300395256916996,0.7378699773542045,0.8524615910497677
kept_v6_custom_stopwords,NeuralNetwork,0.7781895025012523,0.7626412627935861,0.6948616600790514,0.7269794297808704,0.8452334100126568
kept_v6_custom_stopwords,LogisticRegression,0.7961683212327753,0.8475029889692263,0.6355731225296443,0.7259583726362833,0.8663303862605434
kept_v6_custom_stopwords,MultinomialNB,0.7901201588947921,0.850947805804023,0.6150197628458498,0.7134705547174104,0.8600759402455587
kept_v6_custom_stopwords,KNN,0.6882804507193305,0.9040614668470894,0.32015810276679846,0.442074854186694,0.7380698982844156
