Dataset,Model,Accuracy,Precision,Recall,F1 Score,ROC AUC
kept_v2_no_emojis_mentions,SVM,0.794758306345208,0.790841855533778,0.7032774360533558,0.7444707210611955,0.8593046389393335
kept_v2_no_emojis_mentions,PassiveAggressive,0.7757778577425933,0.7430311105803353,0.7230278083120892,0.7327817440017299,0.8483015532031123
kept_v2_no_emojis_mentions,NeuralNetwork,0.7751082700082552,0.7656955483218003,0.6787808623929026,0.7195021955334087,0.8402845447431752
kept_v2_no_emojis_mentions,LogisticRegression,0.7924066351981598,0.8547257145635789,0.616749694007219,0.7163438130384473,0.861443615183594
kept_v2_no_emojis_mentions,MultinomialNB,0.7895520323998617,0.8564669993025096,0.6068706098806433,0.7102766724235725,0.8580016905109921
kept_v2_no_emojis_mentions,KNN,0.6780234108756853,0.8745219322207776,0.312795565638375,0.41114476512380477,0.7494020463303361
