Dataset,Model,Accuracy,Precision,Recall,F1 Score,ROC AUC
kept_v4_stemmed,SVM,0.7935815535282122,0.7833772324825639,0.7111778967966258,0.7455104164298998,0.8640827316885915
kept_v4_stemmed,PassiveAggressive,0.7784648166571414,0.7488525635333259,0.7214553562379649,0.7347922730156405,0.8484187447402225
kept_v4_stemmed,LogisticRegression,0.7961029852747143,0.8414301787839336,0.6412454880682306,0.7278087749331009,0.8642091509057891
kept_v4_stemmed,NeuralNetwork,0.7772903216702298,0.7646975631120159,0.6882631304035988,0.7241382267417437,0.841302357856816
kept_v4_stemmed,MultinomialNB,0.7934148974451242,0.8648872654494077,0.6092351349876434,0.7147471826842893,0.8603076877648344
kept_v4_stemmed,KNN,0.7307688617008516,0.8632075876201334,0.4424717979901926,0.5791259608211459,0.7799991879641524
