Dataset,Model,Accuracy,Precision,Recall,F1 Score,ROC AUC
kept_v9_minimal_processing,SVM,0.7964705882352942,0.7913172746341172,0.7081822095253004,0.7473649783077883,0.8612521072400332
kept_v9_minimal_processing,PassiveAggressive,0.7843697478991596,0.7624232521924637,0.7160920439870073,0.7384676019817691,0.8526438468591033
kept_v9_minimal_processing,NeuralNetwork,0.782689075630252,0.7702642615819023,0.6967228896802723,0.7316023444643859,0.8468452398556725
kept_v9_minimal_processing,LogisticRegression,0.7954621848739495,0.8656994164046651,0.614467968535984,0.7185109422555988,0.8612705918017272
kept_v9_minimal_processing,MultinomialNB,0.7924369747899159,0.8591600566906583,0.6120979924079364,0.7147970170050592,0.8577086167632794
kept_v9_minimal_processing,KNN,0.7557983193277311,0.7942529028887323,0.5757453136618009,0.6666850476582408,0.8067513013131433
