Dataset,Model,Accuracy,Precision,Recall,F1 Score,ROC AUC
kept_v8_keep_hashtags,SVM,0.7919028568606283,0.7842723915720177,0.7044632068043439,0.7421821598473747,0.8636637950126235
kept_v8_keep_hashtags,PassiveAggressive,0.7751065766356919,0.7410042341845254,0.7246088359800734,0.7326287521247943,0.8543567568764673
kept_v8_keep_hashtags,LogisticRegression,0.7945902391183173,0.8494300686269055,0.6286011647215661,0.7223896618008347,0.8635143065952073
kept_v8_keep_hashtags,NeuralNetwork,0.7762826238807866,0.7702739267707631,0.6752251093388217,0.7195813050378914,0.8465575216665928
kept_v8_keep_hashtags,MultinomialNB,0.7888799046066789,0.8567946928585755,0.6044998479781087,0.7087461774095358,0.8599192024331548
kept_v8_keep_hashtags,KNN,0.6807102286758533,0.8839021511173198,0.30963584910073205,0.4116892461737941,0.7516646734877679
