Dataset,Model,Accuracy,Precision,Recall,F1 Score,ROC AUC
kept_v5_lemma_stem,SVM,0.7920700774012375,0.7810599745863577,0.7099921260456378,0.7438055789638458,0.8639230928230794
kept_v5_lemma_stem,PassiveAggressive,0.7779610383196098,0.7489723071667828,0.7194775124541011,0.7338244099112261,0.8485276313652537
kept_v5_lemma_stem,LogisticRegression,0.795095146370891,0.8398791677143056,0.6400597173172424,0.7264618583103328,0.8638787999586599
kept_v5_lemma_stem,NeuralNetwork,0.7777936766646205,0.7704899392149543,0.6799642943455654,0.7222715552144849,0.841444464130162
kept_v5_lemma_stem,MultinomialNB,0.7930787629913426,0.8638439121682048,0.6092351349876434,0.7144156057310214,0.8603962734936735
kept_v5_lemma_stem,KNN,0.7306007944739609,0.8636827179140081,0.44128758643808813,0.5783856183840281,0.7784609336935819
