Dataset,Model,Accuracy,Precision,Recall,F1 Score,ROC AUC
kept_v7_lowercase_words_only,SVM,0.7945903802326976,0.7909916315421096,0.7024869222193637,0.7440908269728181,0.859793705983966
kept_v7_lowercase_words_only,PassiveAggressive,0.7744345899568895,0.7410221368784249,0.7222380740775389,0.7314045403389999,0.8481982031861334
kept_v7_lowercase_words_only,NeuralNetwork,0.7749397794382237,0.7668003951974224,0.6764093208909262,0.7185858092495142,0.8405816760419896
kept_v7_lowercase_words_only,LogisticRegression,0.7924066351981598,0.8547257145635789,0.616749694007219,0.7163438130384473,0.8615192821603107
kept_v7_lowercase_words_only,MultinomialNB,0.7893841062873512,0.8563942664024786,0.6064761325630892,0.7099815292338418,0.8581843985767226
kept_v7_lowercase_words_only,KNN,0.6781913369881958,0.8748558083089122,0.3127963452378168,0.41134416728990975,0.7502583750424473
