Dataset,Model,Accuracy,Precision,Recall,F1 Score,ROC AUC
kept_v1_basic_clean,SVM,0.794422454120187,0.7901334706489844,0.7032743176555886,0.7441686546969601,0.8603971962616822
kept_v1_basic_clean,PassiveAggressive,0.7794744900479083,0.7506624823822773,0.7214475602435468,0.7355987610605371,0.8512617929751518
kept_v1_basic_clean,NeuralNetwork,0.7781305166903033,0.7629668299832539,0.6934006907251054,0.7264738651150069,0.8454631188082267
kept_v1_basic_clean,LogisticRegression,0.793413768530082,0.857495777838745,0.6167481348083355,0.7173170631510694,0.8610468249398355
kept_v1_basic_clean,MultinomialNB,0.7900556696230129,0.8549606537318525,0.609635849100732,0.7116997068896629,0.8588561736870857
kept_v1_basic_clean,KNN,0.7594910004303989,0.8070204815389092,0.5764537580591093,0.6706202433135048,0.8156826268621459
