Dataset,Model,Accuracy,Precision,Recall,F1 Score,ROC AUC
prepended_v3_lemmatized,SVM,0.7892977999790447,0.7726025748456731,0.7140028288543141,0.7418729949114462,0.8590732087227414
prepended_v3_lemmatized,PassiveAggressive,0.7867735385817808,0.7693395528894282,0.7112321232123213,0.7388138558080112,0.846658507639816
prepended_v3_lemmatized,NeuralNetwork,0.7842501267227928,0.7803020467555608,0.6842534967782493,0.7289522270232995,0.8338543984572022
prepended_v3_lemmatized,LogisticRegression,0.7891291666312693,0.8074026929740459,0.6612494106553513,0.7266963404257171,0.8584538644118084
prepended_v3_lemmatized,MultinomialNB,0.7894662917371076,0.8518172251422174,0.6104824768191105,0.7109237788427668,0.8594144043910398
prepended_v3_lemmatized,KNN,0.7352731123967458,0.7756604874441231,0.5339250353606789,0.6300759727837537,0.7759642486278
