Dataset,Model,Accuracy,Precision,Recall,F1 Score,ROC AUC
prepended_v4_stemmed,SVM,0.7913177188198214,0.7768367631086447,0.7132131070249883,0.7434873155407022,0.8598854027592346
prepended_v4_stemmed,PassiveAggressive,0.7862680633075924,0.764275467524134,0.717971868615433,0.740189297084576,0.8460243287346092
prepended_v4_stemmed,NeuralNetwork,0.786269054435581,0.7781888491031396,0.6945678139242496,0.73370811743997,0.834013870345646
prepended_v4_stemmed,LogisticRegression,0.7852586702460547,0.7964448793375964,0.6640303316045891,0.7238835139545305,0.8575229936211244
prepended_v4_stemmed,MultinomialNB,0.7899724749598593,0.8557921348305492,0.6073063020587773,0.710336233878354,0.8593995697967661
prepended_v4_stemmed,KNN,0.733422818031733,0.7809098870649459,0.5208400125726859,0.6225316090703632,0.7696224595757306
