Dataset,Model,Accuracy,Precision,Recall,F1 Score,ROC AUC
prepended_v2_no_emojis_mentions,SVM,0.7889606748732063,0.774131766873047,0.7104345434543455,0.7406506057271675,0.8595692404687733
prepended_v2_no_emojis_mentions,PassiveAggressive,0.7855984855564334,0.7642979081610222,0.7163916391639165,0.7393227934041453,0.8459204865746922
prepended_v2_no_emojis_mentions,NeuralNetwork,0.7855963617107435,0.7853139616939837,0.6806789250353609,0.7291351986153968,0.8345571873609258
prepended_v2_no_emojis_mentions,LogisticRegression,0.7879511402219561,0.8103120293800986,0.6537065849442089,0.7232466812075298,0.8574172971369233
prepended_v2_no_emojis_mentions,MultinomialNB,0.7919906947240841,0.85329928817946,0.616031746031746,0.7151698651646108,0.8595460614152202
prepended_v2_no_emojis_mentions,KNN,0.736620338512685,0.7686326526218101,0.5474115983026874,0.6370688926003366,0.7825990209167779
