Dataset,Model,Accuracy,Precision,Recall,F1 Score,ROC AUC
prepended_v1_basic_clean,SVM,0.7884571818549951,0.7720593293999121,0.7120226308345121,0.7405844912587255,0.8586532042723634
prepended_v1_basic_clean,PassiveAggressive,0.7861021201643574,0.7640495312464447,0.7175797579757976,0.7397820770252673,0.8512442515947188
prepended_v1_basic_clean,NeuralNetwork,0.7844177689425796,0.7762309053628392,0.692986798679868,0.7316288336310971,0.8405874499332442
prepended_v1_basic_clean,LogisticRegression,0.7882888316866449,0.8110804146707735,0.6537112997013989,0.7235624064187451,0.8565494733719032
prepended_v1_basic_clean,MultinomialNB,0.7908122435456331,0.8467699741652106,0.6196023888103096,0.715196434577522,0.858515057113188
prepended_v1_basic_clean,KNN,0.7362840629451226,0.7554983549203083,0.5636798679867987,0.6438937290515913,0.792472370568165
