Dataset,Model,Accuracy,Precision,Recall,F1 Score,ROC AUC
prepended_v6_custom_stopwords,SVM,0.7879518481705193,0.770025872919487,0.7140059720257741,0.7406722579640651,0.8579068387479603
prepended_v6_custom_stopwords,PassiveAggressive,0.7845869686492059,0.7659552425867432,0.7096456074178847,0.7363837070186126,0.8429007194778222
prepended_v6_custom_stopwords,NeuralNetwork,0.7840823429132933,0.7812160520854907,0.6822693697941224,0.7282257483690973,0.8316060302625722
prepended_v6_custom_stopwords,LogisticRegression,0.7876142982955431,0.8049843319789025,0.6596605374823197,0.7248082745708352,0.8560719848687139
prepended_v6_custom_stopwords,MultinomialNB,0.7891295914004072,0.8458568919393319,0.6156404211849756,0.7122887161070027,0.8580839267171043
prepended_v6_custom_stopwords,KNN,0.7214739205908255,0.8391290142605932,0.4323424485305673,0.5650899067975,0.7603193146417444
