Dataset,Model,Accuracy,Precision,Recall,F1 Score,ROC AUC
prepended_v10_lemma_stem_custom_stopwords,SVM,0.7891300161695451,0.768367883187141,0.7203543925821154,0.7434556737283234,0.8576342530781784
prepended_v10_lemma_stem_custom_stopwords,PassiveAggressive,0.7859326372783059,0.7621592945428904,0.7203543925821154,0.7405104950403475,0.8476654057261532
prepended_v10_lemma_stem_custom_stopwords,NeuralNetwork,0.786269054435581,0.7748467916608426,0.6997249724972497,0.7352216266852247,0.8383251743064828
prepended_v10_lemma_stem_custom_stopwords,LogisticRegression,0.7850904616674171,0.7901217304943179,0.6723589501807323,0.7262741236655903,0.8532005637145824
prepended_v10_lemma_stem_custom_stopwords,MultinomialNB,0.7892992158761712,0.8453940560920034,0.616031746031746,0.7126274720998206,0.8565661622904613
prepended_v10_lemma_stem_custom_stopwords,KNN,0.7214732126422623,0.8410108411902654,0.4315503693226465,0.5643275459346442,0.7688482791870642
