Dataset,Model,Accuracy,Precision,Recall,F1 Score,ROC AUC
prepended_v9_minimal_processing,PassiveAggressive,0.7839132847963798,0.7555972263522851,0.7263067735344964,0.7403849956507774,0.8516985610443555
prepended_v9_minimal_processing,SVM,0.7886258152027706,0.7730084279213798,0.7108329404369009,0.740376530531692,0.8590157246699304
prepended_v9_minimal_processing,NeuralNetwork,0.7866050468237179,0.781977731957835,0.6898066949552097,0.7326422841891592,0.8425270731345498
prepended_v9_minimal_processing,LogisticRegression,0.7884566154961445,0.8132771799250813,0.6513287757347163,0.723070032579494,0.8560933095979825
prepended_v9_minimal_processing,MultinomialNB,0.7913174356403961,0.8506950818536196,0.6168261826182618,0.7147781084276029,0.8585873757602729
prepended_v9_minimal_processing,KNN,0.7357804283371986,0.7575158017495534,0.558919534810624,0.6416554425573017,0.789106771992286
