Dataset,Model,Accuracy,Precision,Recall,F1 Score,ROC AUC
prepended_v7_lowercase_words_only,SVM,0.7891290250415566,0.7742344061692347,0.7108313688511709,0.7409028579794197,0.8596879172229639
prepended_v7_lowercase_words_only,PassiveAggressive,0.7861033944717712,0.7650035972555275,0.7167884645607419,0.739869361315005,0.8458648568461653
prepended_v7_lowercase_words_only,NeuralNetwork,0.7830709675957783,0.7759790457892166,0.6870257740059721,0.7285523646444954,0.8343569203382288
prepended_v7_lowercase_words_only,LogisticRegression,0.7877829316433186,0.8096136126160658,0.6541034103410341,0.7232083229826001,0.857471072541166
prepended_v7_lowercase_words_only,MultinomialNB,0.7919906947240841,0.8532578584206492,0.616031746031746,0.7151658338274691,0.8595145379023884
prepended_v7_lowercase_words_only,KNN,0.7366204801023977,0.7682594769394622,0.5478084236995129,0.6372327145206383,0.7825313380804034
