Dataset,Model,Accuracy,Precision,Recall,F1 Score,ROC AUC
prepended_v5_lemma_stem,SVM,0.7909813016625463,0.7767270705890483,0.7124186704384725,0.7429904256644219,0.8593402314196706
prepended_v5_lemma_stem,PassiveAggressive,0.7852583870666294,0.7630215082405108,0.7167821782178219,0.7389465529627698,0.8453271028037384
prepended_v5_lemma_stem,NeuralNetwork,0.7832393177641286,0.7721869353883011,0.6937702341662739,0.7307561913071045,0.833596647381694
prepended_v5_lemma_stem,LogisticRegression,0.786268204897305,0.7976211293792561,0.6656168473990256,0.7253125914626184,0.8568554368788014
prepended_v5_lemma_stem,MultinomialNB,0.7898039832017965,0.8565159316055379,0.606115825868301,0.7097643108669186,0.8588340008900756
prepended_v5_lemma_stem,KNN,0.7340962187051336,0.7825273986459313,0.5208407983655509,0.6230578815370849,0.7691533155318202
