Dataset,Model,Accuracy,Precision,Recall,F1 Score,ROC AUC
dropped_v9_minimal_processing,PassiveAggressive,0.789658449136124,0.760766799233745,0.7355083783016189,0.7478514053775654,0.8511101828645689
dropped_v9_minimal_processing,LogisticRegression,0.7965647772303206,0.7932874292468355,0.7037386790368898,0.7458072244520276,0.8502357746217396
dropped_v9_minimal_processing,SVM,0.7952168412572793,0.7907202270983402,0.7033394868881947,0.7444313185194068,0.8520477118722732
dropped_v9_minimal_processing,NeuralNetwork,0.7893247271933035,0.7919321672130968,0.6830848243870113,0.7333730150141387,0.8477517868745938
dropped_v9_minimal_processing,MultinomialNB,0.793030274664647,0.832944362920687,0.6402024361765912,0.7239147488433011,0.8477109440267334
dropped_v9_minimal_processing,KNN,0.7649074286816495,0.7922046793655853,0.6048699864306225,0.6855224483707273,0.8106869024412884
