Dataset,Model,Accuracy,Precision,Recall,F1 Score,ROC AUC
dropped_v5_lemma_stem,PassiveAggressive,0.7877846307198704,0.7604713029520065,0.7298750589344649,0.7446909373909302,0.861800919744845
dropped_v5_lemma_stem,SVM,0.7931698538510986,0.7825577686043415,0.7100385038503851,0.7443749694033903,0.8625862260792168
dropped_v5_lemma_stem,LogisticRegression,0.789972616549572,0.7787530269929966,0.7056773534496308,0.7402257039858466,0.859165924936953
dropped_v5_lemma_stem,NeuralNetwork,0.7808838313043528,0.7730010012267267,0.6878264969354079,0.7261764003032128,0.8530132769618751
dropped_v5_lemma_stem,MultinomialNB,0.7901411083076348,0.830888325049983,0.6346754675467546,0.7194705708990232,0.8551160807001927
dropped_v5_lemma_stem,KNN,0.7571549529497386,0.8442395220964365,0.5275813295615276,0.6476252992760175,0.7908071873609257
