Dataset,Model,Accuracy,Precision,Recall,F1 Score,ROC AUC
dropped_v6_custom_stopwords,SVM,0.7928949704855349,0.7862859503675516,0.7031746031746032,0.7421075804956946,0.8544175252947181
dropped_v6_custom_stopwords,LogisticRegression,0.790033159451862,0.7792618304831043,0.7047619047619048,0.7399236008161195,0.8542652928617842
dropped_v6_custom_stopwords,PassiveAggressive,0.7821189996000443,0.7499210031232643,0.7297619047619047,0.739562265086216,0.8542857142857143
dropped_v6_custom_stopwords,NeuralNetwork,0.7822862151421545,0.7686105212889722,0.6972222222222222,0.7305836439594159,0.849301030353662
dropped_v6_custom_stopwords,MultinomialNB,0.7876755479535598,0.8220130280054901,0.638095238095238,0.7181100980356134,0.8473479996287014
dropped_v6_custom_stopwords,KNN,0.7228502378460255,0.8901505301239585,0.39682539682539686,0.545227823713845,0.7985370834493641
