Dataset,Model,Accuracy,Precision,Recall,F1 Score,ROC AUC
dropped_v8_keep_hashtags,PassiveAggressive,0.7891310072975338,0.7615605707295989,0.7330433757661481,0.7468103115518584,0.8601032858626316
dropped_v8_keep_hashtags,SVM,0.7943487297986878,0.7877389886283488,0.7060694640892661,0.7445057858184968,0.8598121569500073
dropped_v8_keep_hashtags,LogisticRegression,0.793002494810737,0.7858758620507318,0.7048813452773849,0.7429027584765773,0.8580950526628096
dropped_v8_keep_hashtags,NeuralNetwork,0.7876158557823822,0.7824453890210451,0.6921907905076223,0.7339677304730633,0.8552393932650941
dropped_v8_keep_hashtags,MultinomialNB,0.7891300161695451,0.8346965829413884,0.6275333961967625,0.7162417511443606,0.8547572689511942
dropped_v8_keep_hashtags,KNN,0.752612754967675,0.8518745455177819,0.5141041961338991,0.6348454957258842,0.7962143969737427
