Dataset,Model,Accuracy,Precision,Recall,F1 Score,ROC AUC
dropped_v4_stemmed,SVM,0.7945155224801986,0.7844451901656323,0.7116242338519566,0.7460818070344553,0.8631610666073283
dropped_v4_stemmed,PassiveAggressive,0.7874473640243195,0.7601084392522282,0.7294758761590445,0.7442973709789504,0.8626446372941701
dropped_v4_stemmed,LogisticRegression,0.789635774623159,0.7778682252906766,0.7060726072607261,0.7400340534386981,0.8597926865450229
dropped_v4_stemmed,NeuralNetwork,0.7882896812249209,0.7980422803454934,0.6711724029545811,0.7287943445694852,0.8565476190476191
dropped_v4_stemmed,MultinomialNB,0.7899724749598593,0.8307845579495929,0.6342778563570642,0.7192003322062341,0.8557669485239577
dropped_v4_stemmed,KNN,0.7578280704437139,0.8450145393327212,0.5287710199591388,0.6487936130865436,0.7907599020916777
