Dataset,Model,Accuracy,Precision,Recall,F1 Score,ROC AUC
dropped_v10_lemma_stem_custom_stopwords,PassiveAggressive,0.7854277283629681,0.7514259447285092,0.739002043061449,0.7449182056192744,0.8587431390001483
dropped_v10_lemma_stem_custom_stopwords,LogisticRegression,0.7881214726462835,0.7748716047190355,0.7060773220179161,0.7386385703843649,0.8576138555110517
dropped_v10_lemma_stem_custom_stopwords,NeuralNetwork,0.7891301577592579,0.7862502034600156,0.691005029074336,0.7353449955709501,0.8539738169411066
dropped_v10_lemma_stem_custom_stopwords,SVM,0.7911503597794598,0.8047030538793848,0.6707716485934307,0.7314929388971994,0.843252113929684
dropped_v10_lemma_stem_custom_stopwords,MultinomialNB,0.7887951564991094,0.8227189422452474,0.6402294515165802,0.7199387459563344,0.8523253226524256
dropped_v10_lemma_stem_custom_stopwords,KNN,0.7605208235990406,0.8460921918856743,0.5343061449002043,0.6537616529206896,0.804241766800178
