Dataset,Model,Accuracy,Precision,Recall,F1 Score,ROC AUC
dropped_v2_no_emojis_mentions,PassiveAggressive,0.7894667165062456,0.763640329531083,0.7302655979883703,0.7463321979289709,0.8601246105919003
dropped_v2_no_emojis_mentions,SVM,0.7948529307654624,0.7929732854926843,0.6993281471004245,0.743037924393187,0.8611982643524698
dropped_v2_no_emojis_mentions,LogisticRegression,0.7943477386706992,0.7915389591691115,0.7001194405154801,0.7428238616612505,0.8567645749888739
dropped_v2_no_emojis_mentions,NeuralNetwork,0.7872822704193604,0.7932966451968392,0.6743454345434543,0.728839088106727,0.8531115561489393
dropped_v2_no_emojis_mentions,MultinomialNB,0.7896349250848831,0.8284572189335815,0.6358643721515008,0.7193535274925492,0.8551123720516243
dropped_v2_no_emojis_mentions,KNN,0.7532871467690644,0.8464801566438039,0.520851799465661,0.6382079102614371,0.7960669781931464
