Dataset,Model,Accuracy,Precision,Recall,F1 Score,ROC AUC
dropped_v1_basic_clean,PassiveAggressive,0.7898029920738079,0.7636207197776933,0.7318552569542669,0.747055834732983,0.860009642486278
dropped_v1_basic_clean,SVM,0.7933387703782995,0.7909730678241745,0.6973463774948925,0.7410749537553126,0.8602126909954013
dropped_v1_basic_clean,LogisticRegression,0.7936751875355743,0.7927005299373233,0.6961574728901463,0.7410450831502742,0.8568313306631065
dropped_v1_basic_clean,NeuralNetwork,0.7903084673479963,0.8007893807985228,0.6735439258211535,0.7312653533970357,0.85197670968699
dropped_v1_basic_clean,MultinomialNB,0.7903079009891457,0.8268900429466883,0.6398310545340248,0.7212669987644632,0.8546246847648716
dropped_v1_basic_clean,KNN,0.7675901147726211,0.7996842290118036,0.6057237152286656,0.6883757519429315,0.8149013499480788
