Dataset,Model,Accuracy,Precision,Recall,F1 Score,ROC AUC
dropped_v7_lowercase_words_only,PassiveAggressive,0.7892983663378954,0.7635631125350694,0.7298687725915449,0.7460804720046318,0.860217326806112
dropped_v7_lowercase_words_only,SVM,0.7948527891757495,0.7927074566179645,0.6997249724972497,0.7431509090869974,0.8613558819166296
dropped_v7_lowercase_words_only,LogisticRegression,0.793842971345074,0.7907157751962754,0.6997234009115197,0.7422437657789789,0.8567794095831479
dropped_v7_lowercase_words_only,NeuralNetwork,0.7889622323600458,0.8067904888188119,0.6624296715385826,0.7265749540263814,0.8451815383474263
dropped_v7_lowercase_words_only,MultinomialNB,0.7898032752532332,0.8288842742973458,0.6358643721515008,0.7195186492327543,0.8551068090787716
dropped_v7_lowercase_words_only,KNN,0.752950446432364,0.8460032614489599,0.5204549740688356,0.6377554639224572,0.7958778371161548
