Dataset,Model,Accuracy,Precision,Recall,F1 Score,ROC AUC
kept_v5_lemma_stem,LogisticRegression,0.7935822591001135,0.7815937084503198,0.7139431360167146,0.7461987037623952,0.8618321005152736
kept_v5_lemma_stem,PassiveAggressive,0.7863597428895991,0.7556339062847803,0.7352807727389667,0.7452685535286487,0.8635189204352512
kept_v5_lemma_stem,SVM,0.7920700774012375,0.7810599745863577,0.7099921260456378,0.7438055789638458,0.8639230928230794
kept_v5_lemma_stem,NeuralNetwork,0.792407764113202,0.8192783987629028,0.6590351677308199,0.7296503111182459,0.8555129851914189
kept_v5_lemma_stem,MultinomialNB,0.7949267969152396,0.8418954439172444,0.6372905800999448,0.7253689576110677,0.8587703562622728
kept_v5_lemma_stem,KNN,0.7557943681250838,0.8435865495736415,0.5246665263387671,0.6452952468741071,0.8070159897240554
