Dataset,Model,Accuracy,Precision,Recall,F1 Score,ROC AUC
kept_v1_basic_clean,PassiveAggressive,0.7905593068461642,0.7623100657918996,0.7372578369233886,0.7495607452568716,0.8597973970560009
kept_v1_basic_clean,SVM,0.794422454120187,0.7901334706489844,0.7032743176555886,0.7441686546969601,0.8603971962616822
kept_v1_basic_clean,LogisticRegression,0.7944216074339054,0.7900309539673713,0.703276656453914,0.7441179883075848,0.8601572765794099
kept_v1_basic_clean,NeuralNetwork,0.7823292339605867,0.7678932503733923,0.7001138215185038,0.732332108172843,0.8597512586555639
kept_v1_basic_clean,MultinomialNB,0.788207071241595,0.8225053287766079,0.640057378518917,0.7197906751257606,0.8573705171930136
kept_v1_basic_clean,KNN,0.7650336910582873,0.7973322425103653,0.6021290860755744,0.6854421426015211,0.8278871565457473
