Dataset,Model,Accuracy,Precision,Recall,F1 Score,ROC AUC
kept_v6_custom_stopwords,PassiveAggressive,0.789281233904141,0.758507412217523,0.741106719367589,0.7493531340765498,0.8640835897009506
kept_v6_custom_stopwords,SVM,0.7933141417776179,0.7836590333650444,0.7114624505928854,0.7453036986692132,0.8639025156361151
kept_v6_custom_stopwords,LogisticRegression,0.79180097227808,0.7794838820204844,0.7126482213438734,0.7442760945959283,0.8654231682418263
kept_v6_custom_stopwords,NeuralNetwork,0.7839022359573551,0.7628199811085026,0.7142292490118578,0.737516726213124,0.8585331153053777
kept_v6_custom_stopwords,MultinomialNB,0.7884390632827437,0.819145225572603,0.6454545454545455,0.7217363193163965,0.8589599327439188
kept_v6_custom_stopwords,KNN,0.7565123580918514,0.855702952060374,0.51699604743083,0.6409917922880958,0.8140286207884112
