Dataset,Model,Accuracy,Precision,Recall,F1 Score,ROC AUC
kept_v7_lowercase_words_only,PassiveAggressive,0.7925748435394309,0.7649610383513016,0.7392341215083691,0.7518484642771863,0.8587546692061241
kept_v7_lowercase_words_only,SVM,0.7945903802326976,0.7909916315421096,0.7024869222193637,0.7440908269728181,0.859793705983966
kept_v7_lowercase_words_only,LogisticRegression,0.7935818357569728,0.7879999955604224,0.7036703541720264,0.743431159872942,0.8591846790981973
kept_v7_lowercase_words_only,NeuralNetwork,0.7850177451333178,0.7950755506017553,0.6665224407699324,0.7247699450469807,0.8516087537464381
kept_v7_lowercase_words_only,MultinomialNB,0.7866955951146201,0.8239468572009564,0.6337371658441893,0.7163387412939246,0.8562447402223502
kept_v7_lowercase_words_only,KNN,0.7494095068757982,0.837875986416684,0.5183205868824597,0.6337870233542693,0.8116768909362035
