Dataset,Model,Accuracy,Precision,Recall,F1 Score,ROC AUC
kept_v3_lemmatized,PassiveAggressive,0.7872005023671937,0.7565628281987261,0.7364657638905131,0.7463636312291163,0.8634773958748578
kept_v3_lemmatized,SVM,0.7919028568606283,0.7842723915720177,0.7044632068043439,0.7421821598473747,0.8636637950126235
kept_v3_lemmatized,LogisticRegression,0.791398090722435,0.7824336407120122,0.7056466387570066,0.742001559201689,0.8629661823980157
kept_v3_lemmatized,NeuralNetwork,0.7878723479316159,0.7944080539226914,0.6768092554045732,0.7306404097180048,0.8571748903751607
kept_v3_lemmatized,MultinomialNB,0.7915665812924666,0.8336874560810491,0.6369000007795993,0.7220350587700383,0.8580109181910796
kept_v3_lemmatized,KNN,0.7512571174565543,0.8497999683180545,0.5127885492433987,0.6331564410180509,0.8143169302092099
