Dataset,Model,Accuracy,Precision,Recall,F1 Score,ROC AUC
kept_v4_stemmed,PassiveAggressive,0.7882072123559751,0.757936093200382,0.7372562777245052,0.7474080252149564,0.8633897329140275
kept_v4_stemmed,SVM,0.7935815535282122,0.7833772324825639,0.7111778967966258,0.7455104164298998,0.8640827316885915
kept_v4_stemmed,LogisticRegression,0.7929105546500715,0.78116008968859,0.7123621083487304,0.745161094743156,0.8620258817971092
kept_v4_stemmed,NeuralNetwork,0.7924076229988216,0.7944814723324496,0.6902347373919281,0.7385953469804293,0.8606417297839986
kept_v4_stemmed,MultinomialNB,0.795262931369021,0.8428038376133845,0.6372898005005029,0.7256874332471865,0.8586319410609616
kept_v4_stemmed,KNN,0.7556264420125733,0.8416244975818149,0.5262467744073096,0.6457578104344496,0.809399499490632
