Dataset,Model,Accuracy,Precision,Recall,F1 Score,ROC AUC
kept_v2_no_emojis_mentions,PassiveAggressive,0.7925747024250506,0.7651721019869366,0.7388388645913729,0.7517487693186699,0.858631018292953
kept_v2_no_emojis_mentions,SVM,0.794758306345208,0.790841855533778,0.7032774360533558,0.7444707210611955,0.8593046389393335
kept_v2_no_emojis_mentions,LogisticRegression,0.7937499029838636,0.7886076435480641,0.7032750972550305,0.7434809331061699,0.8589613692400822
kept_v2_no_emojis_mentions,NeuralNetwork,0.7858573756958702,0.7893941645652794,0.6768037982084805,0.7287022565628166,0.8539212103763417
kept_v2_no_emojis_mentions,MultinomialNB,0.787031447339641,0.8247737458455745,0.6337371658441893,0.7166581796612674,0.8560195848282175
kept_v2_no_emojis_mentions,KNN,0.7490736546507772,0.837523143400831,0.5175316322473512,0.6332292619465553,0.8115477034149798
