Dataset,Model,Accuracy,Precision,Recall,F1 Score,ROC AUC
kept_v10_lemma_stem_custom_stopwords,PassiveAggressive,0.7845129789951245,0.7501306548787319,0.7396301580248068,0.744765628439453,0.8641058008888102
kept_v10_lemma_stem_custom_stopwords,LogisticRegression,0.7907272329586748,0.7754479569426216,0.71513202516547,0.7440015531660263,0.8628729828291328
kept_v10_lemma_stem_custom_stopwords,SVM,0.7905600124180655,0.7775475162138722,0.7111817947938348,0.7427930234720515,0.864500745596551
kept_v10_lemma_stem_custom_stopwords,NeuralNetwork,0.7897203818555131,0.7995599493536647,0.6744283587092952,0.7315697224754405,0.853187609809393
kept_v10_lemma_stem_custom_stopwords,MultinomialNB,0.7952625080258804,0.8323901189105192,0.6491397120159662,0.7293084078945125,0.8599588814575305
kept_v10_lemma_stem_custom_stopwords,KNN,0.7620093276605353,0.8362612888607195,0.549189606380242,0.6621006944396091,0.8253984512261741
