Dataset,Model,Accuracy,Precision,Recall,F1 Score,ROC AUC
kept_v9_minimal_processing,PassiveAggressive,0.7917647058823529,0.7639755296593951,0.7386334285602474,0.7510286014525073,0.8607234487755826
kept_v9_minimal_processing,SVM,0.7964705882352942,0.7913172746341172,0.7081822095253004,0.7473649783077883,0.8612521072400332
kept_v9_minimal_processing,LogisticRegression,0.7936134453781511,0.7896138849973362,0.7018573161663992,0.7430787288224033,0.8611504421507158
kept_v9_minimal_processing,NeuralNetwork,0.7910924369747898,0.7975597209989294,0.6824803349900208,0.7352994279920504,0.8581929122796639
kept_v9_minimal_processing,MultinomialNB,0.7952941176470587,0.8359695490360206,0.6449184048839667,0.7280242615639658,0.8560782784218621
kept_v9_minimal_processing,KNN,0.76,0.7855235542166202,0.5998622470942747,0.6794989352209775,0.8203938320714539
