Dataset,Model,Accuracy,Precision,Recall,F1 Score,ROC AUC
prepended_v10_lemma_stem_custom_stopwords,PassiveAggressive,0.7876145814749682,0.7558579690251686,0.7386036460788936,0.7468462642619167,0.8588785046728972
prepended_v10_lemma_stem_custom_stopwords,LogisticRegression,0.7891298745798325,0.7636074668225717,0.7290837655194091,0.7456943582339486,0.8563343717549325
prepended_v10_lemma_stem_custom_stopwords,SVM,0.7891300161695451,0.768367883187141,0.7203543925821154,0.7434556737283234,0.8576342530781784
prepended_v10_lemma_stem_custom_stopwords,NeuralNetwork,0.7892977999790446,0.7713610493451959,0.7167821782178219,0.7427844801376551,0.8517171042871978
prepended_v10_lemma_stem_custom_stopwords,MultinomialNB,0.7930022116313117,0.8332297895271157,0.6402310231023103,0.7239397651738804,0.8555759531226821
prepended_v10_lemma_stem_custom_stopwords,KNN,0.7445302478103151,0.7856421530548756,0.5513641364136413,0.6464240573298301,0.7919540869307224
