Dataset,Model,Accuracy,Precision,Recall,F1 Score,ROC AUC
prepended_v9_minimal_processing,PassiveAggressive,0.7877833564124564,0.7605084773144689,0.7302679553669653,0.7447880602408793,0.8601876576175642
prepended_v9_minimal_processing,SVM,0.7886258152027706,0.7730084279213798,0.7108329404369009,0.740376530531692,0.8590157246699304
prepended_v9_minimal_processing,LogisticRegression,0.7872785890868312,0.7688726504745524,0.7136060034574887,0.7399486865133118,0.856482717697671
prepended_v9_minimal_processing,NeuralNetwork,0.789132140015235,0.7805176766487365,0.7013217035989314,0.7384421332541903,0.853413811007269
prepended_v9_minimal_processing,MultinomialNB,0.7941792469126362,0.8328239182431181,0.6445929592959295,0.7264458689002962,0.8575545171339564
prepended_v9_minimal_processing,KNN,0.7489091928536841,0.739057294530052,0.6323023730944524,0.6807525979828595,0.8007083518765762
