Dataset,Model,Accuracy,Precision,Recall,F1 Score,ROC AUC
prepended_v3_lemmatized,PassiveAggressive,0.786100562677518,0.7574942636227713,0.7302703127455603,0.7433112301844517,0.8605473965287049
prepended_v3_lemmatized,LogisticRegression,0.7894664333268202,0.7708243560513324,0.717974225994028,0.743146573145243,0.8579439252336447
prepended_v3_lemmatized,SVM,0.7892977999790447,0.7726025748456731,0.7140028288543141,0.7418729949114462,0.8590732087227414
prepended_v3_lemmatized,NeuralNetwork,0.7926642369871975,0.8048784772293205,0.6751265126512653,0.7342381548835494,0.8562731790535528
prepended_v3_lemmatized,MultinomialNB,0.7926639538077721,0.838202813802571,0.6338818167531038,0.7216520470400918,0.8577455125352322
prepended_v3_lemmatized,KNN,0.7473937581591071,0.7543608769443313,0.6029467232437529,0.6688910616137747,0.7951824655095683
