Dataset,Model,Accuracy,Precision,Recall,F1 Score,ROC AUC
prepended_v6_custom_stopwords,PassiveAggressive,0.7874469392551815,0.7595823284714547,0.7310655351249411,0.744703123731903,0.8590926791277258
prepended_v6_custom_stopwords,LogisticRegression,0.7898035584326586,0.7699284549025492,0.7203528209963854,0.7441084789412884,0.8555991321762351
prepended_v6_custom_stopwords,SVM,0.7879518481705193,0.770025872919487,0.7140059720257741,0.7406722579640651,0.8579068387479603
prepended_v6_custom_stopwords,NeuralNetwork,0.7886243993056441,0.7850365895147531,0.6917963224893918,0.7351403743921023,0.8528602952084259
prepended_v6_custom_stopwords,MultinomialNB,0.7909817264316843,0.8293411114957259,0.639042904290429,0.7216149411590246,0.8567543762053108
prepended_v6_custom_stopwords,KNN,0.7450375637507681,0.7933884412990989,0.5426276913405627,0.6425403145421598,0.7860823690847056
