Dataset,Model,Accuracy,Precision,Recall,F1 Score,ROC AUC
prepended_v7_lowercase_words_only,PassiveAggressive,0.7891295914004072,0.7636498363333295,0.7294743045733145,0.7457266616258496,0.8603193146417445
prepended_v7_lowercase_words_only,LogisticRegression,0.7906448845052714,0.7755621023863574,0.7136099324218137,0.7430443887984997,0.8574747811897344
prepended_v7_lowercase_words_only,SVM,0.7891290250415566,0.7742344061692347,0.7108313688511709,0.7409028579794197,0.8596879172229639
prepended_v7_lowercase_words_only,NeuralNetwork,0.7955257650800124,0.8180605943251125,0.6667994656608519,0.734509154251244,0.8524959204865746
prepended_v7_lowercase_words_only,MultinomialNB,0.7956929825306612,0.8376811248542342,0.6434016973125883,0.7275568011993059,0.8584928052217772
prepended_v7_lowercase_words_only,KNN,0.7495810360402455,0.7443937557529723,0.6255531981769605,0.6792808943572052,0.7959436656282453
