Dataset,Model,Accuracy,Precision,Recall,F1 Score,ROC AUC
prepended_v1_basic_clean,PassiveAggressive,0.7871099557390557,0.7591511029494938,0.7306647807637907,0.7443058591406005,0.8602859368046283
prepended_v1_basic_clean,LogisticRegression,0.7877844891301578,0.7695406924457953,0.7144020116297345,0.740636445387168,0.8575025960539979
prepended_v1_basic_clean,SVM,0.7884571818549951,0.7720593293999121,0.7120226308345121,0.7405844912587255,0.8586532042723634
prepended_v1_basic_clean,NeuralNetwork,0.7913189931272353,0.7955985813892583,0.6842589973283043,0.7354168423099143,0.8550196558374128
prepended_v1_basic_clean,MultinomialNB,0.7948520812271863,0.831693627716686,0.6477652050919378,0.7280767105083366,0.8574933244325769
prepended_v1_basic_clean,KNN,0.7494139601793093,0.7382961368109553,0.6354761904761904,0.6823447470096246,0.8022761830588934
