Dataset,Model,Accuracy,Precision,Recall,F1 Score,ROC AUC
prepended_v2_no_emojis_mentions,PassiveAggressive,0.7889613828217696,0.7635534946414625,0.7290782649693541,0.7454705679114254,0.8602414330218069
prepended_v2_no_emojis_mentions,LogisticRegression,0.790476675926634,0.7752039025956787,0.7136099324218137,0.7428933400220967,0.8574358403797656
prepended_v2_no_emojis_mentions,SVM,0.7889606748732063,0.774131766873047,0.7104345434543455,0.7406506057271675,0.8595692404687733
prepended_v2_no_emojis_mentions,NeuralNetwork,0.7911499350103218,0.7949548565724645,0.6846566085179946,0.7354053857693517,0.8527499629135142
prepended_v2_no_emojis_mentions,MultinomialNB,0.7958613326990114,0.8370278006107137,0.6445906019173345,0.7280910167682216,0.8585206200860407
prepended_v2_no_emojis_mentions,KNN,0.7494126858718954,0.7442761126485389,0.625156372780135,0.6789971112346123,0.7961087004895415
