Dataset,Model,Accuracy,Precision,Recall,F1 Score,ROC AUC
prepended_v5_lemma_stem,PassiveAggressive,0.7871100973287686,0.7589209801008401,0.7310647493320761,0.7444045091221334,0.8606901794985907
prepended_v5_lemma_stem,SVM,0.7909813016625463,0.7767270705890483,0.7124186704384725,0.7429904256644219,0.8593402314196706
prepended_v5_lemma_stem,LogisticRegression,0.7881193488005935,0.767213245571828,0.719959924563885,0.7424181829816947,0.8580829995549621
prepended_v5_lemma_stem,NeuralNetwork,0.788287982148369,0.8073101967772361,0.660054219707685,0.725216342606808,0.8471053997923157
prepended_v5_lemma_stem,MultinomialNB,0.792665652884324,0.8426090799128424,0.6287285871444287,0.7199501010038899,0.857133585521436
prepended_v5_lemma_stem,KNN,0.7477289010089683,0.7782729772663084,0.5696259625962596,0.6566975589328033,0.7800632324580923
