Dataset,Model,Accuracy,Precision,Recall,F1 Score,ROC AUC
prepended_v4_stemmed,PassiveAggressive,0.7869413223912802,0.7584248835942227,0.7314600031431715,0.7444054635223936,0.8612650200267022
prepended_v4_stemmed,SVM,0.7913177188198214,0.7768367631086447,0.7132131070249883,0.7434873155407022,0.8598854027592346
prepended_v4_stemmed,LogisticRegression,0.7886246824850693,0.7673263800703612,0.7211496149614962,0.7431660989768589,0.8585743954902834
prepended_v4_stemmed,NeuralNetwork,0.7928313128481337,0.7978396789795392,0.6854416155901305,0.7371783920576084,0.8526998961578399
prepended_v4_stemmed,MultinomialNB,0.7882878405586563,0.7964343387923111,0.6731526009743831,0.7295262768524384,0.8490060821836523
prepended_v4_stemmed,KNN,0.7478971095876057,0.7774290619248257,0.5712124783906962,0.6574843503260223,0.7810552959501557
